{"f1_score": 0.8000000000000002, "roc_auc_score": 0.7635281385281386, "accuracy_score": 0.7704918032786885}