{"f1_score": 0.7777777777777778, "roc_auc_score": 0.7647058823529411, "accuracy_score": 0.7419354838709677}